epoch,step,train_loss_epoch
0,1,0.8837661743164062
1,3,0.8522147536277771
2,5,0.8354672789573669
3,7,0.8281954526901245
4,9,0.8221533894538879
