epoch,step,train_loss_epoch
0,3,0.8504126071929932
1,7,0.7775202393531799
2,11,0.7011461853981018
3,15,0.6296756267547607
4,19,0.585888147354126
