epoch,step,train_loss_epoch
0,1,0.8552806973457336
1,3,0.8308110237121582
2,5,0.8230581283569336
